insert into Branch (Branch_Id, Branch_Name) values (11, "Velachery");
insert into Branch (Branch_Id, Branch_Name) values (12, "Taramani");
insert into Branch (Branch_Id, Branch_Name) values (13, "Thiruvanmiyur");
insert into Branch (Branch_Id, Branch_Name) values (14, "Guindy");
insert into Branch (Branch_Id, Branch_Name) values (15, "Sholinganallur");


insert into Course (Course_Id, Course_Name, Course_Fee) values (21, "Java",         40000);
insert into Course (Course_Id, Course_Name, Course_Fee) values (22, "Python",       35000);
insert into Course (Course_Id, Course_Name, Course_Fee) values (23, "Frontend",     30000);
insert into Course (Course_Id, Course_Name, Course_Fee) values (24, "Data Science", 38000);
insert into Course (Course_Id, Course_Name, Course_Fee) values (25, "Linux",        20000);


insert into StudentInfo (Student_Id, Student_Name, Student_Age, Student_Gender, Student_Phno, Student_Email_Id, Course_Id, Branch_Id, Doj) values (101, "Arun kumar", 28, 'M', 8399302884, "arun@gmail.com", 21, 11, '2024-12-24'); 
insert into StudentInfo (Student_Id, Student_Name, Student_Age, Student_Gender, Student_Phno, Student_Email_Id, Course_Id, Branch_Id, Doj) values (102, "Prakash", 24, 'M', 7399020041, "prakash@gmail.com", 22, 12, '2024-11-24'); 
insert into StudentInfo (Student_Id, Student_Name, Student_Age, Student_Gender, Student_Phno, Student_Email_Id, Course_Id, Branch_Id, Doj) values (103, "Krishnan", 25, 'M', 7388382004, "krish@gmail.com", 23, 13, '2024-11-24'); 
insert into StudentInfo (Student_Id, Student_Name, Student_Age, Student_Gender, Student_Phno, Student_Email_Id, Course_Id, Branch_Id, Doj) values (104, "Nandhini", 23, 'F', 9982242184, "nandhini@gmail.com", 24, 14, '2024-11-30'); 
insert into StudentInfo (Student_Id, Student_Name, Student_Age, Student_Gender, Student_Phno, Student_Email_Id, Course_Id, Branch_Id, Doj) values (105, "Sanjana", 27, 'F', 6392977490, "sanjana@gmail.com", 25, 15, '2024-12-19'); 
insert into StudentInfo (Student_Id, Student_Name, Student_Age, Student_Gender, Student_Phno, Student_Email_Id, Course_Id, Branch_Id, Doj) values (106, "Anusha", 24, 'F', 9039773122, "anusha@gmail.com", 21, 11, '2024-12-21'); 
insert into StudentInfo (Student_Id, Student_Name, Student_Age, Student_Gender, Student_Phno, Student_Email_Id, Course_Id, Branch_Id, Doj) values (107, "Riyaz", 29, 'M', 9538830215, "riyaZ@gmail.com", 22, 12, '2024-12-25'); 
insert into StudentInfo (Student_Id, Student_Name, Student_Age, Student_Gender, Student_Phno, Student_Email_Id, Course_Id, Branch_Id, Doj) values (108, "Hema", 22, 'F', 8739302421, "hema@gmail.com", 23, 13, '2024-12-26'); 
insert into StudentInfo (Student_Id, Student_Name, Student_Age, Student_Gender, Student_Phno, Student_Email_Id, Course_Id, Branch_Id, Doj) values (109, "Vignesh", 24, 'M', 9800238362, "vignesh@gmail.com", 24, 14, '2024-12-26'); 
insert into StudentInfo (Student_Id, Student_Name, Student_Age, Student_Gender, Student_Phno, Student_Email_Id, Course_Id, Branch_Id, Doj) values (110, "Nikhil", 24, 'M', 9637219245, "nikhil@gmail.com", 25, 15, '2024-12-27'); 

insert into StudentInfo (Student_Id, Student_Name, Student_Age, Student_Gender, Student_Phno, Student_Email_Id, Course_Id, Branch_Id, Doj) values (111, "Akshay kumar", 29, 'M', 8366392001, "akshayk@gmail.com", 21, 11, '2024-12-29'); 
insert into StudentInfo (Student_Id, Student_Name, Student_Age, Student_Gender, Student_Phno, Student_Email_Id, Course_Id, Branch_Id, Doj) values (112, "Pradeep Kumar", 25, 'M', 8873003213, "pradeepk@gmail.com", 22, 12, '2024-12-30'); 
insert into StudentInfo (Student_Id, Student_Name, Student_Age, Student_Gender, Student_Phno, Student_Email_Id, Course_Id, Branch_Id, Doj) values (113, "Ramesh", 26, 'M', 8993826124, "ramesh@gmail.com", 23, 13, '2024-12-31'); 
insert into StudentInfo (Student_Id, Student_Name, Student_Age, Student_Gender, Student_Phno, Student_Email_Id, Course_Id, Branch_Id, Doj) values (114, "Laya", 23, 'F', 9320049214, "laya@gmail.com", 24, 14, '2024-12-31'); 
insert into StudentInfo (Student_Id, Student_Name, Student_Age, Student_Gender, Student_Phno, Student_Email_Id, Course_Id, Branch_Id, Doj) values (115, "Liza", 25, 'F', 9437299421, "liza@gmail.com", 25, 15, '2024-12-31'); 
insert into StudentInfo (Student_Id, Student_Name, Student_Age, Student_Gender, Student_Phno, Student_Email_Id, Course_Id, Branch_Id, Doj) values (116, "Hemanth", 26, 'M', 9377362994, "hemanth@gmail.com", 21, 11, '2025-01-01'); 
insert into StudentInfo (Student_Id, Student_Name, Student_Age, Student_Gender, Student_Phno, Student_Email_Id, Course_Id, Branch_Id, Doj) values (117, "Rishab", 29, 'M', 9763553288, "rishab@gmail.com", 22, 12, '2025-01-01'); 
insert into StudentInfo (Student_Id, Student_Name, Student_Age, Student_Gender, Student_Phno, Student_Email_Id, Course_Id, Branch_Id, Doj) values (118, "Prarthana", 23, 'F', 9538320352, "prarthana@gmail.com", 23, 13, '2025-01-05'); 
insert into StudentInfo (Student_Id, Student_Name, Student_Age, Student_Gender, Student_Phno, Student_Email_Id, Course_Id, Branch_Id, Doj) values (119, "Vimal", 25, 'M', 9738218362, "vimal@gmail.com", 24, 14, '2025-01-07'); 
insert into StudentInfo (Student_Id, Student_Name, Student_Age, Student_Gender, Student_Phno, Student_Email_Id, Course_Id, Branch_Id, Doj) values (120, "Nila", 24, 'F', 9098737145, "nila@gmail.com", 25, 15, '2025-01-09'); 

insert into StudentInfo (Student_Id, Student_Name, Student_Age, Student_Gender, Student_Phno, Student_Email_Id, Course_Id, Branch_Id, Doj) values (121, "Amala", 25, 'F', 8038487212, "amala@gmail.com", 21, 11, '2025-01-10'); 
insert into StudentInfo (Student_Id, Student_Name, Student_Age, Student_Gender, Student_Phno, Student_Email_Id, Course_Id, Branch_Id, Doj) values (122, "Pragathi", 24, 'F', 8003927252, "pragathi@gmail.com", 22, 12, '2025-01-12'); 
insert into StudentInfo (Student_Id, Student_Name, Student_Age, Student_Gender, Student_Phno, Student_Email_Id, Course_Id, Branch_Id, Doj) values (123, "Ravikumar", 26, 'M', 8873772124, "ravikumar@gmail.com", 23, 13, '2025-01-14'); 
insert into StudentInfo (Student_Id, Student_Name, Student_Age, Student_Gender, Student_Phno, Student_Email_Id, Course_Id, Branch_Id, Doj) values (124, "Rakshana", 24, 'F', 9899382144, "rakshana@gmail.com", 24, 14, '2025-01-16'); 
insert into StudentInfo (Student_Id, Student_Name, Student_Age, Student_Gender, Student_Phno, Student_Email_Id, Course_Id, Branch_Id, Doj) values (125, "Madhumitha", 25, 'F', 9738291349, "madhumitha@gmail.com", 25, 15, '2025-01-17'); 
insert into StudentInfo (Student_Id, Student_Name, Student_Age, Student_Gender, Student_Phno, Student_Email_Id, Course_Id, Branch_Id, Doj) values (126, "Joanna", 26, 'F', 9899382123, "joanna@gmail.com", 21, 11, '2025-01-18'); 
insert into StudentInfo (Student_Id, Student_Name, Student_Age, Student_Gender, Student_Phno, Student_Email_Id, Course_Id, Branch_Id, Doj) values (127, "Nivin", 29, 'M', 9763220319, "nivin@gmail.com", 22, 12, '2025-01-19'); 
insert into StudentInfo (Student_Id, Student_Name, Student_Age, Student_Gender, Student_Phno, Student_Email_Id, Course_Id, Branch_Id, Doj) values (128, "Joshep", 22, 'M', 9893903212, "joshep@gmail.com", 23, 13, '2025-01-21'); 
insert into StudentInfo (Student_Id, Student_Name, Student_Age, Student_Gender, Student_Phno, Student_Email_Id, Course_Id, Branch_Id, Doj) values (129, "Musthafa", 24, 'M', 9839200421, "musthafa@gmail.com", 24, 14, '2025-01-22'); 
insert into StudentInfo (Student_Id, Student_Name, Student_Age, Student_Gender, Student_Phno, Student_Email_Id, Course_Id, Branch_Id, Doj) values (130, "Preetha", 24, 'F', 9989765445, "Preetha@gmail.com", 25, 15, '2025-01-24'); 

insert into StudentInfo (Student_Id, Student_Name, Student_Age, Student_Gender, Student_Phno, Student_Email_Id, Course_Id, Branch_Id, Doj) values (131, "Anjana", 25, 'F', 9383215531, "anjana@gmail.com", 21, 11, '2025-01-24'); 
insert into StudentInfo (Student_Id, Student_Name, Student_Age, Student_Gender, Student_Phno, Student_Email_Id, Course_Id, Branch_Id, Doj) values (132, "Prashanth", 26, 'M', 8099732732, "prashanath@gmail.com", 22, 12, '2025-01-24'); 
insert into StudentInfo (Student_Id, Student_Name, Student_Age, Student_Gender, Student_Phno, Student_Email_Id, Course_Id, Branch_Id, Doj) values (133, "Rachin", 24, 'M', 8988632241, "rachin@gmail.com", 23, 13, '2025-01-30'); 
insert into StudentInfo (Student_Id, Student_Name, Student_Age, Student_Gender, Student_Phno, Student_Email_Id, Course_Id, Branch_Id, Doj) values (134, "Parvathi", 23, 'F', 9783772144, "parvathi@gmail.com", 24, 14, '2025-02-01'); 
insert into StudentInfo (Student_Id, Student_Name, Student_Age, Student_Gender, Student_Phno, Student_Email_Id, Course_Id, Branch_Id, Doj) values (135, "Sneha", 24, 'F', 9859321349, "sneha@gmail.com", 25, 15, '2025-02-03'); 
insert into StudentInfo (Student_Id, Student_Name, Student_Age, Student_Gender, Student_Phno, Student_Email_Id, Course_Id, Branch_Id, Doj) values (136, "Anisha", 23, 'F', 9075362615, "anisha@gmail.com", 21, 11, '2025-02-05'); 
insert into StudentInfo (Student_Id, Student_Name, Student_Age, Student_Gender, Student_Phno, Student_Email_Id, Course_Id, Branch_Id, Doj) values (137, "Nasher", 27, 'M', 9184741349, "nasher@gmail.com", 22, 12, '2025-02-07'); 
insert into StudentInfo (Student_Id, Student_Name, Student_Age, Student_Gender, Student_Phno, Student_Email_Id, Course_Id, Branch_Id, Doj) values (138, "Sahana", 22, 'F', 9032153212, "sahana@gmail.com", 23, 13, '2025-02-10'); 
insert into StudentInfo (Student_Id, Student_Name, Student_Age, Student_Gender, Student_Phno, Student_Email_Id, Course_Id, Branch_Id, Doj) values (139, "Muthuram", 24, 'M', 9099371421, "muthuram@gmail.com", 24, 14, '2025-02-12'); 
insert into StudentInfo (Student_Id, Student_Name, Student_Age, Student_Gender, Student_Phno, Student_Email_Id, Course_Id, Branch_Id, Doj) values (140, "Pramod", 29, 'M', 9909372153, "Pramod@gmail.com", 25, 15, '2025-02-15'); 

insert into StudentInfo (Student_Id, Student_Name, Student_Age, Student_Gender, Student_Phno, Student_Email_Id, Course_Id, Branch_Id, Doj) values (141, "Asna salim", 25, 'F', 9537730114, "asna@gmail.com", 21, 11, '2025-02-20'); 
insert into StudentInfo (Student_Id, Student_Name, Student_Age, Student_Gender, Student_Phno, Student_Email_Id, Course_Id, Branch_Id, Doj) values (142, "Prasanna", 26, 'M', 9327637282, "Prasanna@gmail.com", 22, 12, '2025-02-26'); 
insert into StudentInfo (Student_Id, Student_Name, Student_Age, Student_Gender, Student_Phno, Student_Email_Id, Course_Id, Branch_Id, Doj) values (143, "Rahena", 24, 'F', 8988632241, "rahena@gmail.com", 23, 13, '2025-03-01'); 
insert into StudentInfo (Student_Id, Student_Name, Student_Age, Student_Gender, Student_Phno, Student_Email_Id, Course_Id, Branch_Id, Doj) values (144, "Poorani", 23, 'F', 9083551156, "poorani@gmail.com", 24, 14, '2025-03-05'); 
insert into StudentInfo (Student_Id, Student_Name, Student_Age, Student_Gender, Student_Phno, Student_Email_Id, Course_Id, Branch_Id, Doj) values (145, "Sneha", 24, 'F', 9859321349, "sneha@gmail.com", 25, 15, '2025-03-07'); 
insert into StudentInfo (Student_Id, Student_Name, Student_Age, Student_Gender, Student_Phno, Student_Email_Id, Course_Id, Branch_Id, Doj) values (146, "Sujith", 25, 'M', 9982812150, "sujith@gmail.com", 21, 11, '2025-03-10'); 
insert into StudentInfo (Student_Id, Student_Name, Student_Age, Student_Gender, Student_Phno, Student_Email_Id, Course_Id, Branch_Id, Doj) values (147, "Rahman", 27, 'M', 9972374901, "rahman@gmail.com", 22, 12, '2025-03-14'); 
insert into StudentInfo (Student_Id, Student_Name, Student_Age, Student_Gender, Student_Phno, Student_Email_Id, Course_Id, Branch_Id, Doj) values (148, "Prince", 23, 'M', 9842153212, "sahana@gmail.com", 23, 13, '2025-03-19'); 
insert into StudentInfo (Student_Id, Student_Name, Student_Age, Student_Gender, Student_Phno, Student_Email_Id, Course_Id, Branch_Id, Doj) values (149, "Arman", 24, 'M', 8038821442, "muthuram@gmail.com", 24, 14, '2025-03-22'); 
insert into StudentInfo (Student_Id, Student_Name, Student_Age, Student_Gender, Student_Phno, Student_Email_Id, Course_Id, Branch_Id, Doj) values (150, "Soundarya", 26, 'F', 9543272153, "Soundarya@gmail.com", 25, 15, '2025-03-23'); 


insert into Payment (Student_Id, Course_Id, Branch_Id, Paid_Amount, Pending_Amount) values (101, 21, 11, 30000, 10000);
insert into Payment (Student_Id, Course_Id, Branch_Id, Paid_Amount, Pending_Amount) values (102, 22, 12, 20000, 15000);
insert into Payment (Student_Id, Course_Id, Branch_Id, Paid_Amount, Pending_Amount) values (103, 23, 13, 20000, 10000);
insert into Payment (Student_Id, Course_Id, Branch_Id, Paid_Amount, Pending_Amount) values (104, 24, 14, 20000, 18000);
insert into Payment (Student_Id, Course_Id, Branch_Id, Paid_Amount, Pending_Amount) values (105, 25, 15, 10000, 10000);
insert into Payment (Student_Id, Course_Id, Branch_Id, Paid_Amount, Pending_Amount) values (106, 21, 11, 35000, 5000);
insert into Payment (Student_Id, Course_Id, Branch_Id, Paid_Amount, Pending_Amount) values (107, 22, 12, 25000, 10000);
insert into Payment (Student_Id, Course_Id, Branch_Id, Paid_Amount, Pending_Amount) values (108, 23, 13, 25000, 5000);
insert into Payment (Student_Id, Course_Id, Branch_Id, Paid_Amount, Pending_Amount) values (109, 24, 14, 30000, 8000);
insert into Payment (Student_Id, Course_Id, Branch_Id, Paid_Amount, Pending_Amount) values (110, 25, 15, 10000, 10000);

insert into Payment (Student_Id, Course_Id, Branch_Id, Paid_Amount, Pending_Amount) values (111, 21, 11, 35000, 5000);
insert into Payment (Student_Id, Course_Id, Branch_Id, Paid_Amount, Pending_Amount) values (112, 22, 12, 25000, 10000);
insert into Payment (Student_Id, Course_Id, Branch_Id, Paid_Amount, Pending_Amount) values (113, 23, 13, 10000, 20000);
insert into Payment (Student_Id, Course_Id, Branch_Id, Paid_Amount, Pending_Amount) values (114, 24, 14, 28000, 10000);
insert into Payment (Student_Id, Course_Id, Branch_Id, Paid_Amount, Pending_Amount) values (115, 25, 15, 15000, 5000);
insert into Payment (Student_Id, Course_Id, Branch_Id, Paid_Amount, Pending_Amount) values (116, 21, 11, 28000, 12000);
insert into Payment (Student_Id, Course_Id, Branch_Id, Paid_Amount, Pending_Amount) values (117, 22, 12, 28000, 7000);
insert into Payment (Student_Id, Course_Id, Branch_Id, Paid_Amount, Pending_Amount) values (118, 23, 13, 15000, 15000);
insert into Payment (Student_Id, Course_Id, Branch_Id, Paid_Amount, Pending_Amount) values (119, 24, 14, 22000, 16000);
insert into Payment (Student_Id, Course_Id, Branch_Id, Paid_Amount, Pending_Amount) values (120, 25, 15, 12000, 8000);

insert into Payment (Student_Id, Course_Id, Branch_Id, Paid_Amount, Pending_Amount) values (121, 21, 11, 38000, 2000);
insert into Payment (Student_Id, Course_Id, Branch_Id, Paid_Amount, Pending_Amount) values (122, 22, 12, 22000, 13000);
insert into Payment (Student_Id, Course_Id, Branch_Id, Paid_Amount, Pending_Amount) values (123, 23, 13, 15000, 15000);
insert into Payment (Student_Id, Course_Id, Branch_Id, Paid_Amount, Pending_Amount) values (124, 24, 14, 30000, 8000);
insert into Payment (Student_Id, Course_Id, Branch_Id, Paid_Amount, Pending_Amount) values (125, 25, 15, 12000, 8000);
insert into Payment (Student_Id, Course_Id, Branch_Id, Paid_Amount, Pending_Amount) values (126, 21, 11, 18000, 22000);
insert into Payment (Student_Id, Course_Id, Branch_Id, Paid_Amount, Pending_Amount) values (127, 22, 12, 20000, 15000);
insert into Payment (Student_Id, Course_Id, Branch_Id, Paid_Amount, Pending_Amount) values (128, 23, 13, 19000, 11000);
insert into Payment (Student_Id, Course_Id, Branch_Id, Paid_Amount, Pending_Amount) values (129, 24, 14, 32000, 6000);
insert into Payment (Student_Id, Course_Id, Branch_Id, Paid_Amount, Pending_Amount) values (130, 25, 15, 14000, 6000);

insert into Payment (Student_Id, Course_Id, Branch_Id, Paid_Amount, Pending_Amount) values (131, 21, 11, 15000, 25000);
insert into Payment (Student_Id, Course_Id, Branch_Id, Paid_Amount, Pending_Amount) values (132, 22, 12, 22000, 13000);
insert into Payment (Student_Id, Course_Id, Branch_Id, Paid_Amount, Pending_Amount) values (133, 23, 13, 15000, 15000);
insert into Payment (Student_Id, Course_Id, Branch_Id, Paid_Amount, Pending_Amount) values (134, 24, 14, 20000, 18000);
insert into Payment (Student_Id, Course_Id, Branch_Id, Paid_Amount, Pending_Amount) values (135, 25, 15, 10000, 10000);
insert into Payment (Student_Id, Course_Id, Branch_Id, Paid_Amount, Pending_Amount) values (136, 21, 11, 26000, 14000);
insert into Payment (Student_Id, Course_Id, Branch_Id, Paid_Amount, Pending_Amount) values (137, 22, 12, 25000, 10000);
insert into Payment (Student_Id, Course_Id, Branch_Id, Paid_Amount, Pending_Amount) values (138, 23, 13, 19500, 10500);
insert into Payment (Student_Id, Course_Id, Branch_Id, Paid_Amount, Pending_Amount) values (139, 24, 14, 30000, 8000);
insert into Payment (Student_Id, Course_Id, Branch_Id, Paid_Amount, Pending_Amount) values (140, 25, 15, 14500, 5500);

insert into Payment (Student_Id, Course_Id, Branch_Id, Paid_Amount, Pending_Amount) values (141, 21, 11, 15000, 25000);
insert into Payment (Student_Id, Course_Id, Branch_Id, Paid_Amount, Pending_Amount) values (142, 22, 12, 22000, 13000);
insert into Payment (Student_Id, Course_Id, Branch_Id, Paid_Amount, Pending_Amount) values (143, 23, 13, 15000, 15000);
insert into Payment (Student_Id, Course_Id, Branch_Id, Paid_Amount, Pending_Amount) values (144, 24, 14, 20000, 18000);
insert into Payment (Student_Id, Course_Id, Branch_Id, Paid_Amount, Pending_Amount) values (145, 25, 15, 10000, 10000);
insert into Payment (Student_Id, Course_Id, Branch_Id, Paid_Amount, Pending_Amount) values (146, 21, 11, 26000, 14000);
insert into Payment (Student_Id, Course_Id, Branch_Id, Paid_Amount, Pending_Amount) values (147, 22, 12, 25000, 10000);
insert into Payment (Student_Id, Course_Id, Branch_Id, Paid_Amount, Pending_Amount) values (148, 23, 13, 19500, 10500);
insert into Payment (Student_Id, Course_Id, Branch_Id, Paid_Amount, Pending_Amount) values (149, 24, 14, 30000, 8000);
insert into Payment (Student_Id, Course_Id, Branch_Id, Paid_Amount, Pending_Amount) values (150, 25, 15, 14500, 5500);


insert into Placement (Student_Id, Company_Name, Salary) values (101, "Accenture", "10LPA");
insert into Placement (Student_Id, Company_Name, Salary) values (102, "zoho", "5LPA");
insert into Placement (Student_Id, Company_Name, Salary) values (103, "Tcs", "8LPA");
insert into Placement (Student_Id, Company_Name, Salary) values (104, "Infosys", "9LPA");
insert into Placement (Student_Id, Company_Name, Salary) values (105, "Wipro", "7LPA");
insert into Placement (Student_Id, Company_Name, Salary) values (106, "Google", "12LPA");
insert into Placement (Student_Id, Company_Name, Salary) values (107, "Microsoft", "13LPA");
insert into Placement (Student_Id, Company_Name, Salary) values (108, "Hcl", "8LPA");
insert into Placement (Student_Id, Company_Name, Salary) values (109, "Hp", "8LPA");
insert into Placement (Student_Id, Company_Name, Salary) values (110, "Dell", "7.5LPA");

insert into Placement (Student_Id, Company_Name, Salary) values (111, "Accenture", "12LPA");
insert into Placement (Student_Id, Company_Name, Salary) values (112, "zoho", "7LPA");
insert into Placement (Student_Id, Company_Name, Salary) values (113, "Tcs", "8.5LPA");
insert into Placement (Student_Id, Company_Name, Salary) values (114, "Infosys", "8LPA");
insert into Placement (Student_Id, Company_Name, Salary) values (115, "Wipro", "8LPA");
insert into Placement (Student_Id, Company_Name, Salary) values (116, "Google", "10LPA");
insert into Placement (Student_Id, Company_Name, Salary) values (117, "Microsoft", "11LPA");
insert into Placement (Student_Id, Company_Name, Salary) values (118, "Hcl", "9LPA");
insert into Placement (Student_Id, Company_Name, Salary) values (119, "Hp", "8LPA");
insert into Placement (Student_Id, Company_Name, Salary) values (120, "Dell", "6LPA");

insert into Placement (Student_Id, Company_Name, Salary) values (121, "Accenture", "7LPA");
insert into Placement (Student_Id, Company_Name, Salary) values (122, "zoho", "9LPA");
insert into Placement (Student_Id, Company_Name, Salary) values (123, "Tcs", "8LPA");
insert into Placement (Student_Id, Company_Name, Salary) values (124, "Infosys", "9LPA");
insert into Placement (Student_Id, Company_Name, Salary) values (125, "Wipro", "9.5LPA");
insert into Placement (Student_Id, Company_Name, Salary) values (126, "Google", "10LPA");
insert into Placement (Student_Id, Company_Name, Salary) values (127, "Microsoft", "12LPA");
insert into Placement (Student_Id, Company_Name, Salary) values (128, "Hcl", "13LPA");
insert into Placement (Student_Id, Company_Name, Salary) values (129, "Hp", "9LPA");
insert into Placement (Student_Id, Company_Name, Salary) values (130, "Dell", "9LPA");

insert into Placement (Student_Id, Company_Name, Salary) values (131, "Accenture", "10LPA");
insert into Placement (Student_Id, Company_Name, Salary) values (132, "zoho", "8LPA");
insert into Placement (Student_Id, Company_Name, Salary) values (133, "Tcs", "10LPA");
insert into Placement (Student_Id, Company_Name, Salary) values (134, "Infosys", "9LPA");
insert into Placement (Student_Id, Company_Name, Salary) values (135, "Wipro", "9LPA");
insert into Placement (Student_Id, Company_Name, Salary) values (136, "Google", "14LPA");
insert into Placement (Student_Id, Company_Name, Salary) values (137, "Microsoft", "10LPA");
insert into Placement (Student_Id, Company_Name, Salary) values (138, "Hcl", "9LPA");
insert into Placement (Student_Id, Company_Name, Salary) values (139, "Hp", "8LPA");
insert into Placement (Student_Id, Company_Name, Salary) values (140, "Dell", "10LPA");

insert into Placement (Student_Id, Company_Name, Salary) values (141, "Accenture", "11LPA");
insert into Placement (Student_Id, Company_Name, Salary) values (142, "zoho", "10LPA");
insert into Placement (Student_Id, Company_Name, Salary) values (143, "Tcs", "7LPA");
insert into Placement (Student_Id, Company_Name, Salary) values (144, "Infosys", "8LPA");
insert into Placement (Student_Id, Company_Name, Salary) values (145, "Wipro", "10LPA");
insert into Placement (Student_Id, Company_Name, Salary) values (146, "Google", "11LPA");
insert into Placement (Student_Id, Company_Name, Salary) values (147, "Microsoft", "9LPA");
insert into Placement (Student_Id, Company_Name, Salary) values (148, "Hcl", "10LPA");
insert into Placement (Student_Id, Company_Name, Salary) values (149, "Hp", "9LPA");
insert into Placement (Student_Id, Company_Name, Salary) values (150, "Dell", "11LPA");



