insert into Categories (Category_Id, Category_Name) values (51, "Snacks");
insert into Categories (Category_Id, Category_Name) values (52, "Electronic Accessories");
insert into Categories (Category_Id, Category_Name) values (53, "Groceries");
insert into Categories (Category_Id, Category_Name) values (54, "Sports Equipments");
insert into Categories (Category_Id, Category_Name) values (55, "Garments");

insert into Products   (Product_Id, Product_Name, Price, Category_Id) values (11, "Diary Milk", 50, 51);
insert into Products   (Product_Id, Product_Name, Price, Category_Id) values (12, "Moong Dal Salty", 100, 51);
insert into Products   (Product_Id, Product_Name, Price, Category_Id) values (13, "Little Heart", 30, 51);
insert into Products   (Product_Id, Product_Name, Price, Category_Id) values (14, "Lays", 20, 51);
insert into Products   (Product_Id, Product_Name, Price, Category_Id) values (15, "Unibic classic", 40, 51);

insert into Products   (Product_Id, Product_Name, Price, Category_Id) values (16, "Smart Watch", 2000, 52);
insert into Products   (Product_Id, Product_Name, Price, Category_Id) values (17, "Speaker-Bluetooth", 1500, 52);
insert into Products   (Product_Id, Product_Name, Price, Category_Id) values (18, "Wireless Mouse", 500, 52);
insert into Products   (Product_Id, Product_Name, Price, Category_Id) values (19, "Power Bank", 1800, 52);
insert into Products   (Product_Id, Product_Name, Price, Category_Id) values (20, "Earbuds", 400, 52);

insert into Products   (Product_Id, Product_Name, Price, Category_Id) values (21, "Basmati Rice", 500, 53);
insert into Products   (Product_Id, Product_Name, Price, Category_Id) values (22, "Refined oil", 120, 53);
insert into Products   (Product_Id, Product_Name, Price, Category_Id) values (23, "Wheat Atta", 100, 53);
insert into Products   (Product_Id, Product_Name, Price, Category_Id) values (24, "Sugar", 90, 53);
insert into Products   (Product_Id, Product_Name, Price, Category_Id) values (25, "Channa Dal", 110, 53);

insert into Products   (Product_Id, Product_Name, Price, Category_Id) values (26, "Batminton Racket", 3000, 54);
insert into Products   (Product_Id, Product_Name, Price, Category_Id) values (27, "Foot Ball", 900, 54);
insert into Products   (Product_Id, Product_Name, Price, Category_Id) values (28, "Cricket Bat", 1900, 54);
insert into Products   (Product_Id, Product_Name, Price, Category_Id) values (29, "Tennis Racket", 7000, 54);
insert into Products   (Product_Id, Product_Name, Price, Category_Id) values (30, "Cricket Striched Ball", 500, 54);

insert into Products   (Product_Id, Product_Name, Price, Category_Id) values (31, "Cotton Pant", 950, 55);
insert into Products   (Product_Id, Product_Name, Price, Category_Id) values (32, "Jeans Pant", 1300, 55);
insert into Products   (Product_Id, Product_Name, Price, Category_Id) values (33, "Shirt-FH", 800, 55);
insert into Products   (Product_Id, Product_Name, Price, Category_Id) values (34, "Shirt_HH", 700, 55);
insert into Products   (Product_Id, Product_Name, Price, Category_Id) values (35, "Trouser", 550, 55);

insert into Customers  (Customer_Id, Customer_Name, Customer_Email, Customer_Phno, Address) values (101, "Arun", "arun@gmail.com", 8399302884, "Velachery");
insert into Customers  (Customer_Id, Customer_Name, Customer_Email, Customer_Phno, Address) values (102, "Prakash", "prakash@gmail.com", 7399020041,  "Guindy"); 
insert into Customers  (Customer_Id, Customer_Name, Customer_Email, Customer_Phno, Address) values (103, "Krishnan", "krish@gmail.com", 7388382004, "Taramani"); 
insert into Customers  (Customer_Id, Customer_Name, Customer_Email, Customer_Phno, Address) values (104, "Nandhini", "nandhini@gmail.com", 9982242184, "Medavakkam"); 
insert into Customers  (Customer_Id, Customer_Name, Customer_Email, Customer_Phno, Address) values (105, "Sanjana", "sanjana@gmail.com", 6392977490,  "Madippakkam"); 
insert into Customers  (Customer_Id, Customer_Name, Customer_Email, Customer_Phno, Address) values (106, "Anusha",  "anusha@gmail.com", 9039773122,  "OMR"); 
insert into Customers  (Customer_Id, Customer_Name, Customer_Email, Customer_Phno, Address) values (107, "Riyaz", "riyaZ@gmail.com", 9538830215, "Tambaram"); 
insert into Customers  (Customer_Id, Customer_Name, Customer_Email, Customer_Phno, Address) values (108, "Hema", "hema@gmail.com", 8739302421, "Sholinganallur"); 
insert into Customers  (Customer_Id, Customer_Name, Customer_Email, Customer_Phno, Address) values (109, "Vignesh", "vignesh@gmail.com", 9800238362, "Thiruvanmiyur"); 
insert into Customers  (Customer_Id, Customer_Name, Customer_Email, Customer_Phno, Address) values (110, "Nikhil", "nikhil@gmail.com", 9637219245, "Besant Nagar"); 

insert into Customers  (Customer_Id, Customer_Name, Customer_Email, Customer_Phno, Address) values (111, "Bose", "bose@gmail.com", 8399302884,  "ECR");
insert into Customers  (Customer_Id, Customer_Name, Customer_Email, Customer_Phno, Address) values (112, "Rajesh", "rajesh@gmail.com", 7399020041,  "Guindy"); 
insert into Customers  (Customer_Id, Customer_Name, Customer_Email, Customer_Phno, Address) values (113, "Krisha", "krisha@gmail.com", 7388382004,  "Anna nagar"); 
insert into Customers  (Customer_Id, Customer_Name, Customer_Email, Customer_Phno, Address) values (114, "Nandha", "nandha@gmail.com", 9982242184,  "Medavakkam"); 
insert into Customers  (Customer_Id, Customer_Name, Customer_Email, Customer_Phno, Address) values (115, "Sanju", "sanjugmail.com", 6392977490,  "Madippakkam"); 
insert into Customers  (Customer_Id, Customer_Name, Customer_Email, Customer_Phno, Address) values (116, "Anusri", "anusri@gmail.com", 9039773122,  "West Tambaram"); 
insert into Customers  (Customer_Id, Customer_Name, Customer_Email, Customer_Phno, Address) values (117, "Ahmed ali", "ahmedali@gmail.com", 9538830215,  "East Tambaram"); 
insert into Customers  (Customer_Id, Customer_Name, Customer_Email, Customer_Phno, Address) values (118, "Hemalatha", "hemalatha@gmail.com", 8739302421,  "nanganallur"); 
insert into Customers  (Customer_Id, Customer_Name, Customer_Email, Customer_Phno, Address) values (119, "Vinayak", "vinayak@gmail.com", 9800238362,  "Thiruvanmiyur"); 
insert into Customers  (Customer_Id, Customer_Name, Customer_Email, Customer_Phno, Address) values (120, "Nikhilesh", "nikhilesh@gmail.com", 9637219245, "Adyar"); 

insert into Customers  (Customer_Id, Customer_Name, Customer_Email, Customer_Phno, Address) values (121, "Anbu", "anbu@gmail.com", 8399302884,  "Kotturpuram");
insert into Customers  (Customer_Id, Customer_Name, Customer_Email, Customer_Phno, Address) values (122, "Ravish", "ravish@gmail.com", 7399020041,  "perungudi"); 
insert into Customers  (Customer_Id, Customer_Name, Customer_Email, Customer_Phno, Address) values (123, "Kalki", "kalki@gmail.com", 7388382004,  "Taramani"); 
insert into Customers  (Customer_Id, Customer_Name, Customer_Email, Customer_Phno, Address) values (124, "Anisha", "anisha@gmail.com", 9982242184,  "Pallikkaranai"); 
insert into Customers  (Customer_Id, Customer_Name, Customer_Email, Customer_Phno, Address) values (125, "Sadhana", "sadhana@gmail.com", 6392977490,  "Saidapet"); 
insert into Customers  (Customer_Id, Customer_Name, Customer_Email, Customer_Phno, Address) values (126, "Ankita", "ankita@gmail.com", 9039773122,  "Greenways"); 
insert into Customers  (Customer_Id, Customer_Name, Customer_Email, Customer_Phno, Address) values (127, "Ranjith", "riyaz@gmail.com", 9538830215,  "Tnagar"); 
insert into Customers  (Customer_Id, Customer_Name, Customer_Email, Customer_Phno, Address) values (128, "Lalitha", "lalitha@gmail.com", 8739302421,  "Sholinganallur"); 
insert into Customers  (Customer_Id, Customer_Name, Customer_Email, Customer_Phno, Address) values (129, "Prasanna", "vignesh@gmail.com", 9800238362,  "Kottivakkam"); 
insert into Customers  (Customer_Id, Customer_Name, Customer_Email, Customer_Phno, Address) values (130, "Nimisha", "nimisha@gmail.com", 9637219245,  "Besant Nagar"); 

insert into Customers  (Customer_Id, Customer_Name, Customer_Email, Customer_Phno, Address) values (131, "Archana", "archana@gmail.com", 8399302884,  "Kotturpuram");
insert into Customers  (Customer_Id, Customer_Name, Customer_Email, Customer_Phno, Address) values (132, "Rohan", "rohan@gmail.com", 7399020041,  "perungudi"); 
insert into Customers  (Customer_Id, Customer_Name, Customer_Email, Customer_Phno, Address) values (133, "Preethi", "preethi@gmail.com", 7388382004,  "Mylapore"); 
insert into Customers  (Customer_Id, Customer_Name, Customer_Email, Customer_Phno, Address) values (134, "Lokesh", "lokesh@gmail.com", 9982242184,  "Mandaiveli"); 
insert into Customers  (Customer_Id, Customer_Name, Customer_Email, Customer_Phno, Address) values (135, "Chandra", "chandra@gmail.com", 6392977490,  "Alwarpet"); 
insert into Customers  (Customer_Id, Customer_Name, Customer_Email, Customer_Phno, Address) values (136, "Antara", "antara@gmail.com", 9039773122,  "Kodambakkam"); 
insert into Customers  (Customer_Id, Customer_Name, Customer_Email, Customer_Phno, Address) values (137, "Damu", "damu@gmail.com", 9538830215,  "Virugambakkam"); 
insert into Customers  (Customer_Id, Customer_Name, Customer_Email, Customer_Phno, Address) values (138, "Jayanthi", "jayanthi@gmail.com", 8739302421,  "Sholinganallur"); 
insert into Customers  (Customer_Id, Customer_Name, Customer_Email, Customer_Phno, Address) values (139, "Jeevitha", "jeevitha@gmail.com", 9800238362,  "Koyambedu"); 
insert into Customers  (Customer_Id, Customer_Name, Customer_Email, Customer_Phno, Address) values (140, "Akshaya", "akshaya@gmail.com", 9637219245,  "Mogappair"); 

insert into Customers  (Customer_Id, Customer_Name, Customer_Email, Customer_Phno, Address) values (141, "Priya", "priya@gmail.com", 8399302884,  "Korattur");
insert into Customers  (Customer_Id, Customer_Name, Customer_Email, Customer_Phno, Address) values (142, "Rohini", "rohini@gmail.com", 7399020041,  "pallavaram"); 
insert into Customers  (Customer_Id, Customer_Name, Customer_Email, Customer_Phno, Address) values (143, "Shruthi", "shruthi@gmail.com", 7388382004,  "Alwarpet"); 
insert into Customers  (Customer_Id, Customer_Name, Customer_Email, Customer_Phno, Address) values (144, "Prakriti", "prakriti@gmail.com", 9982242184,  "Mandaiveli"); 
insert into Customers  (Customer_Id, Customer_Name, Customer_Email, Customer_Phno, Address) values (145, "Siva", "siva@gmail.com", 6392977490,  "Alwarpet"); 
insert into Customers  (Customer_Id, Customer_Name, Customer_Email, Customer_Phno, Address) values (146, "Haseef", "haseef@gmail.com", 9039773122,  "Egmore"); 
insert into Customers  (Customer_Id, Customer_Name, Customer_Email, Customer_Phno, Address) values (147, "Vidya", "vidya@gmail.com", 9538830215,  "Virugambakkam"); 
insert into Customers  (Customer_Id, Customer_Name, Customer_Email, Customer_Phno, Address) values (148, "Jagan", "jagan@gmail.com", 8739302421,  "Sholinganallur"); 
insert into Customers  (Customer_Id, Customer_Name, Customer_Email, Customer_Phno, Address) values (149, "Harini", "jeevitha@gmail.com", 9800238362,  "Koyambedu"); 
insert into Customers  (Customer_Id, Customer_Name, Customer_Email, Customer_Phno, Address) values (150, "Akilan", "akilan@gmail.com", 9637219245,  "Mogappair"); 

insert into Orders (Order_Id, Customer_Id, Order_Date, Discount_percent, Discount_Amount, CGST_Percent, CGST_Amount, SGST_Percent, SGST_Amount, IGST_Percent, IGST_Amount, Total_Amount) values (151, 101, '2025-01-01', 5,  0, 9, 0, 9, 0, 18, 0, 0);
insert into Orders (Order_Id, Customer_Id, Order_Date, Discount_percent, Discount_Amount, CGST_Percent, CGST_Amount, SGST_Percent, SGST_Amount, IGST_Percent, IGST_Amount, Total_Amount) values (152, 102, '2025-01-02', 7,  0, 9, 0, 9, 0, 18, 0, 0);
insert into Orders (Order_Id, Customer_Id, Order_Date, Discount_percent, Discount_Amount, CGST_Percent, CGST_Amount, SGST_Percent, SGST_Amount, IGST_Percent, IGST_Amount, Total_Amount) values (153, 103, '2025-01-03', 8,  0, 9, 0, 9, 0, 18, 0, 0);
insert into Orders (Order_Id, Customer_Id, Order_Date, Discount_percent, Discount_Amount, CGST_Percent, CGST_Amount, SGST_Percent, SGST_Amount, IGST_Percent, IGST_Amount, Total_Amount) values (154, 104, '2025-01-04', 5,  0, 9, 0, 9, 0, 18, 0, 0);
insert into Orders (Order_Id, Customer_Id, Order_Date, Discount_percent, Discount_Amount, CGST_Percent, CGST_Amount, SGST_Percent, SGST_Amount, IGST_Percent, IGST_Amount, Total_Amount) values (155, 105, '2025-01-04', 10, 0, 9, 0, 9, 0, 18, 0, 0);
insert into Orders (Order_Id, Customer_Id, Order_Date, Discount_percent, Discount_Amount, CGST_Percent, CGST_Amount, SGST_Percent, SGST_Amount, IGST_Percent, IGST_Amount, Total_Amount) values (156, 106, '2025-01-01', 9,  0, 9, 0, 9, 0, 18, 0, 0);
insert into Orders (Order_Id, Customer_Id, Order_Date, Discount_percent, Discount_Amount, CGST_Percent, CGST_Amount, SGST_Percent, SGST_Amount, IGST_Percent, IGST_Amount, Total_Amount) values (157, 107, '2025-01-03', 4,  0, 9, 0, 9, 0, 18, 0, 0);
insert into Orders (Order_Id, Customer_Id, Order_Date, Discount_percent, Discount_Amount, CGST_Percent, CGST_Amount, SGST_Percent, SGST_Amount, IGST_Percent, IGST_Amount, Total_Amount) values (158, 108, '2025-01-02', 5,  0, 9, 0, 9, 0, 18, 0, 0);
insert into Orders (Order_Id, Customer_Id, Order_Date, Discount_percent, Discount_Amount, CGST_Percent, CGST_Amount, SGST_Percent, SGST_Amount, IGST_Percent, IGST_Amount, Total_Amount) values (159, 109, '2025-01-05', 7,  0, 9, 0, 9, 0, 18, 0, 0);
insert into Orders (Order_Id, Customer_Id, Order_Date, Discount_percent, Discount_Amount, CGST_Percent, CGST_Amount, SGST_Percent, SGST_Amount, IGST_Percent, IGST_Amount, Total_Amount) values (160, 110, '2025-01-01', 5,  0, 9, 0, 9, 0, 18, 0, 0);

insert into Orders (Order_Id, Customer_Id, Order_Date, Discount_percent, Discount_Amount, CGST_Percent, CGST_Amount, SGST_Percent, SGST_Amount, IGST_Percent, IGST_Amount, Total_Amount) values (161, 111, '2025-01-06', 11, 0, 9, 0, 9, 0, 18, 0, 0);
insert into Orders (Order_Id, Customer_Id, Order_Date, Discount_percent, Discount_Amount, CGST_Percent, CGST_Amount, SGST_Percent, SGST_Amount, IGST_Percent, IGST_Amount, Total_Amount) values (162, 112, '2025-01-07', 9,  0, 9, 0, 9, 0, 18, 0, 0);
insert into Orders (Order_Id, Customer_Id, Order_Date, Discount_percent, Discount_Amount, CGST_Percent, CGST_Amount, SGST_Percent, SGST_Amount, IGST_Percent, IGST_Amount, Total_Amount) values (163, 113, '2025-01-08', 8,  0, 9, 0, 9, 0, 18, 0, 0);
insert into Orders (Order_Id, Customer_Id, Order_Date, Discount_percent, Discount_Amount, CGST_Percent, CGST_Amount, SGST_Percent, SGST_Amount, IGST_Percent, IGST_Amount, Total_Amount) values (164, 114, '2025-01-06', 12, 0, 9, 0, 9, 0, 18, 0, 0);
insert into Orders (Order_Id, Customer_Id, Order_Date, Discount_percent, Discount_Amount, CGST_Percent, CGST_Amount, SGST_Percent, SGST_Amount, IGST_Percent, IGST_Amount, Total_Amount) values (165, 115, '2025-01-09', 8,  0, 9, 0, 9, 0, 18, 0, 0);
insert into Orders (Order_Id, Customer_Id, Order_Date, Discount_percent, Discount_Amount, CGST_Percent, CGST_Amount, SGST_Percent, SGST_Amount, IGST_Percent, IGST_Amount, Total_Amount) values (166, 116, '2025-01-10', 7,  0, 9, 0, 9, 0, 18, 0, 0);
insert into Orders (Order_Id, Customer_Id, Order_Date, Discount_percent, Discount_Amount, CGST_Percent, CGST_Amount, SGST_Percent, SGST_Amount, IGST_Percent, IGST_Amount, Total_Amount) values (167, 117, '2025-01-11', 10, 0, 9, 0, 9, 0, 18, 0, 0);
insert into Orders (Order_Id, Customer_Id, Order_Date, Discount_percent, Discount_Amount, CGST_Percent, CGST_Amount, SGST_Percent, SGST_Amount, IGST_Percent, IGST_Amount, Total_Amount) values (168, 118, '2025-01-12', 9,  0, 9, 0, 9, 0, 18, 0, 0);
insert into Orders (Order_Id, Customer_Id, Order_Date, Discount_percent, Discount_Amount, CGST_Percent, CGST_Amount, SGST_Percent, SGST_Amount, IGST_Percent, IGST_Amount, Total_Amount) values (169, 119, '2025-01-13', 14, 0, 9, 0, 9, 0, 18, 0, 0);
insert into Orders (Order_Id, Customer_Id, Order_Date, Discount_percent, Discount_Amount, CGST_Percent, CGST_Amount, SGST_Percent, SGST_Amount, IGST_Percent, IGST_Amount, Total_Amount) values (170, 120, '2025-01-15', 11, 0, 9, 0, 9, 0, 18, 0, 0);

insert into Orders (Order_Id, Customer_Id, Order_Date, Discount_percent, Discount_Amount, CGST_Percent, CGST_Amount, SGST_Percent, SGST_Amount, IGST_Percent, IGST_Amount, Total_Amount) values (171, 121, '2025-01-14', 13, 0, 9, 0, 9, 0, 18, 0, 0);
insert into Orders (Order_Id, Customer_Id, Order_Date, Discount_percent, Discount_Amount, CGST_Percent, CGST_Amount, SGST_Percent, SGST_Amount, IGST_Percent, IGST_Amount, Total_Amount) values (172, 122, '2025-01-15', 8,  0, 9, 0, 9, 0, 18, 0, 0);
insert into Orders (Order_Id, Customer_Id, Order_Date, Discount_percent, Discount_Amount, CGST_Percent, CGST_Amount, SGST_Percent, SGST_Amount, IGST_Percent, IGST_Amount, Total_Amount) values (173, 123, '2025-01-16', 9,  0, 9, 0, 9, 0, 18, 0, 0);
insert into Orders (Order_Id, Customer_Id, Order_Date, Discount_percent, Discount_Amount, CGST_Percent, CGST_Amount, SGST_Percent, SGST_Amount, IGST_Percent, IGST_Amount, Total_Amount) values (174, 124, '2025-01-17', 7,  0, 9, 0, 9, 0, 18, 0, 0);
insert into Orders (Order_Id, Customer_Id, Order_Date, Discount_percent, Discount_Amount, CGST_Percent, CGST_Amount, SGST_Percent, SGST_Amount, IGST_Percent, IGST_Amount, Total_Amount) values (175, 125, '2025-01-18', 5,  0, 9, 0, 9, 0, 18, 0, 0);
insert into Orders (Order_Id, Customer_Id, Order_Date, Discount_percent, Discount_Amount, CGST_Percent, CGST_Amount, SGST_Percent, SGST_Amount, IGST_Percent, IGST_Amount, Total_Amount) values (176, 126, '2025-01-19', 7,  0, 9, 0, 9, 0, 18, 0, 0);
insert into Orders (Order_Id, Customer_Id, Order_Date, Discount_percent, Discount_Amount, CGST_Percent, CGST_Amount, SGST_Percent, SGST_Amount, IGST_Percent, IGST_Amount, Total_Amount) values (177, 127, '2025-01-20', 8,  0, 9, 0, 9, 0, 18, 0, 0);
insert into Orders (Order_Id, Customer_Id, Order_Date, Discount_percent, Discount_Amount, CGST_Percent, CGST_Amount, SGST_Percent, SGST_Amount, IGST_Percent, IGST_Amount, Total_Amount) values (178, 128, '2025-01-21', 12, 0, 9, 0, 9, 0, 18, 0, 0);
insert into Orders (Order_Id, Customer_Id, Order_Date, Discount_percent, Discount_Amount, CGST_Percent, CGST_Amount, SGST_Percent, SGST_Amount, IGST_Percent, IGST_Amount, Total_Amount) values (179, 129, '2025-01-22', 4,  0, 9, 0, 9, 0, 18, 0, 0);
insert into Orders (Order_Id, Customer_Id, Order_Date, Discount_percent, Discount_Amount, CGST_Percent, CGST_Amount, SGST_Percent, SGST_Amount, IGST_Percent, IGST_Amount, Total_Amount) values (180, 130, '2025-01-23', 7,  0, 9, 0, 9, 0, 18, 0, 0);

insert into Orders (Order_Id, Customer_Id, Order_Date, Discount_percent, Discount_Amount, CGST_Percent, CGST_Amount, SGST_Percent, SGST_Amount, IGST_Percent, IGST_Amount, Total_Amount) values (181, 131, '2025-02-01', 4,  0, 9, 0, 9, 0, 18, 0, 0);
insert into Orders (Order_Id, Customer_Id, Order_Date, Discount_percent, Discount_Amount, CGST_Percent, CGST_Amount, SGST_Percent, SGST_Amount, IGST_Percent, IGST_Amount, Total_Amount) values (182, 132, '2025-02-02', 5,  0, 9, 0, 9, 0, 18, 0, 0);
insert into Orders (Order_Id, Customer_Id, Order_Date, Discount_percent, Discount_Amount, CGST_Percent, CGST_Amount, SGST_Percent, SGST_Amount, IGST_Percent, IGST_Amount, Total_Amount) values (183, 133, '2025-02-03', 11, 0, 9, 0, 9, 0, 18, 0, 0);
insert into Orders (Order_Id, Customer_Id, Order_Date, Discount_percent, Discount_Amount, CGST_Percent, CGST_Amount, SGST_Percent, SGST_Amount, IGST_Percent, IGST_Amount, Total_Amount) values (184, 134, '2025-02-05', 9,  0, 9, 0, 9, 0, 18, 0, 0);
insert into Orders (Order_Id, Customer_Id, Order_Date, Discount_percent, Discount_Amount, CGST_Percent, CGST_Amount, SGST_Percent, SGST_Amount, IGST_Percent, IGST_Amount, Total_Amount) values (185, 135, '2025-02-08', 7,  0, 9, 0, 9, 0, 18, 0, 0);
insert into Orders (Order_Id, Customer_Id, Order_Date, Discount_percent, Discount_Amount, CGST_Percent, CGST_Amount, SGST_Percent, SGST_Amount, IGST_Percent, IGST_Amount, Total_Amount) values (186, 136, '2025-02-12', 12, 0, 9, 0, 9, 0, 18, 0, 0);
insert into Orders (Order_Id, Customer_Id, Order_Date, Discount_percent, Discount_Amount, CGST_Percent, CGST_Amount, SGST_Percent, SGST_Amount, IGST_Percent, IGST_Amount, Total_Amount) values (187, 137, '2025-02-15', 11, 0, 9, 0, 9, 0, 18, 0, 0);
insert into Orders (Order_Id, Customer_Id, Order_Date, Discount_percent, Discount_Amount, CGST_Percent, CGST_Amount, SGST_Percent, SGST_Amount, IGST_Percent, IGST_Amount, Total_Amount) values (188, 138, '2025-02-19', 8,  0, 9, 0, 9, 0, 18, 0, 0);
insert into Orders (Order_Id, Customer_Id, Order_Date, Discount_percent, Discount_Amount, CGST_Percent, CGST_Amount, SGST_Percent, SGST_Amount, IGST_Percent, IGST_Amount, Total_Amount) values (189, 139, '2025-02-22', 7,  0, 9, 0, 9, 0, 18, 0, 0);
insert into Orders (Order_Id, Customer_Id, Order_Date, Discount_percent, Discount_Amount, CGST_Percent, CGST_Amount, SGST_Percent, SGST_Amount, IGST_Percent, IGST_Amount, Total_Amount) values (190, 140, '2025-02-23', 8,  0, 9, 0, 9, 0, 18, 0, 0);

insert into Orders (Order_Id, Customer_Id, Order_Date, Discount_percent, Discount_Amount, CGST_Percent, CGST_Amount, SGST_Percent, SGST_Amount, IGST_Percent, IGST_Amount, Total_Amount) values (191, 141, '2025-02-24', 5,  0, 9, 0, 9, 0, 18, 0, 0);
insert into Orders (Order_Id, Customer_Id, Order_Date, Discount_percent, Discount_Amount, CGST_Percent, CGST_Amount, SGST_Percent, SGST_Amount, IGST_Percent, IGST_Amount, Total_Amount) values (192, 142, '2025-02-25', 4,  0, 9, 0, 9, 0, 18, 0, 0);
insert into Orders (Order_Id, Customer_Id, Order_Date, Discount_percent, Discount_Amount, CGST_Percent, CGST_Amount, SGST_Percent, SGST_Amount, IGST_Percent, IGST_Amount, Total_Amount) values (193, 143, '2025-02-26', 6,  0, 9, 0, 9, 0, 18, 0, 0);
insert into Orders (Order_Id, Customer_Id, Order_Date, Discount_percent, Discount_Amount, CGST_Percent, CGST_Amount, SGST_Percent, SGST_Amount, IGST_Percent, IGST_Amount, Total_Amount) values (194, 144, '2025-02-27', 7,  0, 9, 0, 9, 0, 18, 0, 0);
insert into Orders (Order_Id, Customer_Id, Order_Date, Discount_percent, Discount_Amount, CGST_Percent, CGST_Amount, SGST_Percent, SGST_Amount, IGST_Percent, IGST_Amount, Total_Amount) values (195, 145, '2025-02-28', 8,  0, 9, 0, 9, 0, 18, 0, 0);
insert into Orders (Order_Id, Customer_Id, Order_Date, Discount_percent, Discount_Amount, CGST_Percent, CGST_Amount, SGST_Percent, SGST_Amount, IGST_Percent, IGST_Amount, Total_Amount) values (196, 146, '2025-02-04', 6,  0, 9, 0, 9, 0, 18, 0, 0);
insert into Orders (Order_Id, Customer_Id, Order_Date, Discount_percent, Discount_Amount, CGST_Percent, CGST_Amount, SGST_Percent, SGST_Amount, IGST_Percent, IGST_Amount, Total_Amount) values (197, 147, '2025-02-09', 8,  0, 9, 0, 9, 0, 18, 0, 0);
insert into Orders (Order_Id, Customer_Id, Order_Date, Discount_percent, Discount_Amount, CGST_Percent, CGST_Amount, SGST_Percent, SGST_Amount, IGST_Percent, IGST_Amount, Total_Amount) values (198, 148, '2025-02-19', 7,  0, 9, 0, 9, 0, 18, 0, 0);
insert into Orders (Order_Id, Customer_Id, Order_Date, Discount_percent, Discount_Amount, CGST_Percent, CGST_Amount, SGST_Percent, SGST_Amount, IGST_Percent, IGST_Amount, Total_Amount) values (199, 149, '2025-02-10', 9,  0, 9, 0, 9, 0, 18, 0, 0);
insert into Orders (Order_Id, Customer_Id, Order_Date, Discount_percent, Discount_Amount, CGST_Percent, CGST_Amount, SGST_Percent, SGST_Amount, IGST_Percent, IGST_Amount, Total_Amount) values (200, 150, '2025-02-23', 5,  0, 9, 0, 9, 0, 18, 0, 0);


insert into Order_Details (Order_Detail_Id, Order_Id, Product_Id, Quantity, Rate, Total_Amount) values (401, 151, 11, 1, 50, 0);
insert into Order_Details (Order_Detail_Id, Order_Id, Product_Id, Quantity, Rate, Total_Amount) values (402, 152, 12, 1, 70, 0);
insert into Order_Details (Order_Detail_Id, Order_Id, Product_Id, Quantity, Rate, Total_Amount) values (403, 153, 13, 1, 30, 0);
insert into Order_Details (Order_Detail_Id, Order_Id, Product_Id, Quantity, Rate, Total_Amount) values (404, 154, 14, 1, 60, 0);
insert into Order_Details (Order_Detail_Id, Order_Id, Product_Id, Quantity, Rate, Total_Amount) values (405, 155, 15, 1, 100, 0);

insert into Order_Details (Order_Detail_Id, Order_Id, Product_Id, Quantity, Rate, Total_Amount) values (406, 156, 16, 1, 1000, 0);
insert into Order_Details (Order_Detail_Id, Order_Id, Product_Id, Quantity, Rate, Total_Amount) values (407, 157, 17, 1, 1200, 0);
insert into Order_Details (Order_Detail_Id, Order_Id, Product_Id, Quantity, Rate, Total_Amount) values (408, 158, 18, 1, 750, 0);
insert into Order_Details (Order_Detail_Id, Order_Id, Product_Id, Quantity, Rate, Total_Amount) values (409, 159, 19, 1, 1800, 0);
insert into Order_Details (Order_Detail_Id, Order_Id, Product_Id, Quantity, Rate, Total_Amount) values (410, 160, 20, 1, 900, 0);

insert into Order_Details (Order_Detail_Id, Order_Id, Product_Id, Quantity, Rate, Total_Amount) values (411, 161, 21, 1, 500, 0);
insert into Order_Details (Order_Detail_Id, Order_Id, Product_Id, Quantity, Rate, Total_Amount) values (412, 162, 22, 1, 150, 0);
insert into Order_Details (Order_Detail_Id, Order_Id, Product_Id, Quantity, Rate, Total_Amount) values (413, 163, 23, 1, 120, 0);
insert into Order_Details (Order_Detail_Id, Order_Id, Product_Id, Quantity, Rate, Total_Amount) values (414, 164, 24, 1, 100, 0);
insert into Order_Details (Order_Detail_Id, Order_Id, Product_Id, Quantity, Rate, Total_Amount) values (415, 165, 25, 1, 110, 0);

insert into Order_Details (Order_Detail_Id, Order_Id, Product_Id, Quantity, Rate, Total_Amount) values (416, 166, 26, 1, 3000, 0);
insert into Order_Details (Order_Detail_Id, Order_Id, Product_Id, Quantity, Rate, Total_Amount) values (417, 167, 27, 1, 1000, 0);
insert into Order_Details (Order_Detail_Id, Order_Id, Product_Id, Quantity, Rate, Total_Amount) values (418, 168, 28, 1, 2200, 0);
insert into Order_Details (Order_Detail_Id, Order_Id, Product_Id, Quantity, Rate, Total_Amount) values (419, 169, 29, 1, 7000, 0);
insert into Order_Details (Order_Detail_Id, Order_Id, Product_Id, Quantity, Rate, Total_Amount) values (420, 170, 30, 1, 650, 0);

insert into Order_Details (Order_Detail_Id, Order_Id, Product_Id, Quantity, Rate, Total_Amount) values (421, 171, 31, 1, 1000, 0);
insert into Order_Details (Order_Detail_Id, Order_Id, Product_Id, Quantity, Rate, Total_Amount) values (422, 172, 32, 1, 1200, 0);
insert into Order_Details (Order_Detail_Id, Order_Id, Product_Id, Quantity, Rate, Total_Amount) values (423, 173, 33, 1, 900, 0);
insert into Order_Details (Order_Detail_Id, Order_Id, Product_Id, Quantity, Rate, Total_Amount) values (424, 174, 34, 1, 750, 0);
insert into Order_Details (Order_Detail_Id, Order_Id, Product_Id, Quantity, Rate, Total_Amount) values (425, 175, 35, 1, 650, 0);


insert into Order_details (Order_Detail_Id, Order_Id, Product_Id, Quantity, Rate, Discount_percent, Discount_Amount, CGST_Percent, CGST_Amount, SGST_Percent, SGST_Amount, IGST_Percent, IGST_Amount, Total_Amount) 
values (426, 176, 11, 1, 70, 4, 0, 9, 0, 9, 0, 0, 0, 0);
insert into Order_details (Order_Detail_Id, Order_Id, Product_Id, Quantity, Rate, Discount_percent, Discount_Amount, CGST_Percent, CGST_Amount, SGST_Percent, SGST_Amount, IGST_Percent, IGST_Amount, Total_Amount) 
values (427, 177, 12, 1, 90, 8, 0, 9, 0, 9, 0, 0, 0, 0);
insert into Order_details (Order_Detail_Id, Order_Id, Product_Id, Quantity, Rate, Discount_percent, Discount_Amount, CGST_Percent, CGST_Amount, SGST_Percent, SGST_Amount, IGST_Percent, IGST_Amount, Total_Amount) 
values (428, 178, 13, 1, 50, 7, 0, 9, 0, 9, 0, 0, 0, 0); 
insert into Order_details (Order_Detail_Id, Order_Id, Product_Id, Quantity, Rate, Discount_percent, Discount_Amount, CGST_Percent, CGST_Amount, SGST_Percent, SGST_Amount, IGST_Percent, IGST_Amount, Total_Amount) 
values (429, 179, 14, 1, 70, 8, 0, 9, 0, 9, 0, 0, 0, 0); 
insert into Order_details (Order_Detail_Id, Order_Id, Product_Id, Quantity, Rate, Discount_percent, Discount_Amount, CGST_Percent, CGST_Amount, SGST_Percent, SGST_Amount, IGST_Percent, IGST_Amount, Total_Amount) 
values (430, 180, 15, 1, 100, 4, 0, 9, 0, 9, 0, 0, 0, 0); 
  
insert into Order_details (Order_Detail_Id, Order_Id, Product_Id, Quantity, Rate, Discount_percent, Discount_Amount, CGST_Percent, CGST_Amount, SGST_Percent, SGST_Amount, IGST_Percent, IGST_Amount, Total_Amount) 
values (431, 181, 16, 1, 1170, 10, 0, 9, 0, 9, 0, 0, 0, 0);
insert into Order_details (Order_Detail_Id, Order_Id, Product_Id, Quantity, Rate, Discount_percent, Discount_Amount, CGST_Percent, CGST_Amount, SGST_Percent, SGST_Amount, IGST_Percent, IGST_Amount, Total_Amount) 
values (432, 182, 17, 1, 1190, 8, 0, 9, 0, 9, 0, 0, 0, 0);
insert into Order_details (Order_Detail_Id, Order_Id, Product_Id, Quantity, Rate, Discount_percent, Discount_Amount, CGST_Percent, CGST_Amount, SGST_Percent, SGST_Amount, IGST_Percent, IGST_Amount, Total_Amount) 
values (433, 183, 18, 1, 1000, 7, 0, 9, 0, 9, 0, 0, 0, 0); 
insert into Order_details (Order_Detail_Id, Order_Id, Product_Id, Quantity, Rate, Discount_percent, Discount_Amount, CGST_Percent, CGST_Amount, SGST_Percent, SGST_Amount, IGST_Percent, IGST_Amount, Total_Amount) 
values (434, 184, 19, 1, 1170, 8, 0, 9, 0, 9, 0, 0, 0, 0); 
insert into Order_details (Order_Detail_Id, Order_Id, Product_Id, Quantity, Rate, Discount_percent, Discount_Amount, CGST_Percent, CGST_Amount, SGST_Percent, SGST_Amount, IGST_Percent, IGST_Amount, Total_Amount) 
values (435, 185, 20, 1, 1100, 10, 0, 9, 0, 9, 0, 0, 0, 0); 

insert into Order_details (Order_Detail_Id, Order_Id, Product_Id, Quantity, Rate, Discount_percent, Discount_Amount, CGST_Percent, CGST_Amount, SGST_Percent, SGST_Amount, IGST_Percent, IGST_Amount, Total_Amount) 
values (436, 186, 21, 1, 400, 5, 0, 9, 0, 9, 0, 0, 0, 0);
insert into Order_details (Order_Detail_Id, Order_Id, Product_Id, Quantity, Rate, Discount_percent, Discount_Amount, CGST_Percent, CGST_Amount, SGST_Percent, SGST_Amount, IGST_Percent, IGST_Amount, Total_Amount) 
values (437, 187, 22, 1, 200, 4, 0, 9, 0, 9, 0, 0, 0, 0);
insert into Order_details (Order_Detail_Id, Order_Id, Product_Id, Quantity, Rate, Discount_percent, Discount_Amount, CGST_Percent, CGST_Amount, SGST_Percent, SGST_Amount, IGST_Percent, IGST_Amount, Total_Amount) 
values (438, 188, 23, 1, 150, 6, 0, 9, 0, 9, 0, 0, 0, 0); 
insert into Order_details (Order_Detail_Id, Order_Id, Product_Id, Quantity, Rate, Discount_percent, Discount_Amount, CGST_Percent, CGST_Amount, SGST_Percent, SGST_Amount, IGST_Percent, IGST_Amount, Total_Amount) 
values (439, 189, 24, 1, 170, 4, 0, 9, 0, 9, 0, 0, 0, 0); 
insert into Order_details (Order_Detail_Id, Order_Id, Product_Id, Quantity, Rate, Discount_percent, Discount_Amount, CGST_Percent, CGST_Amount, SGST_Percent, SGST_Amount, IGST_Percent, IGST_Amount, Total_Amount) 
values (440, 190, 25, 1, 100, 3, 0, 9, 0, 9, 0, 0, 0, 0); 

insert into Order_details (Order_Detail_Id, Order_Id, Product_Id, Quantity, Rate, Discount_percent, Discount_Amount, CGST_Percent, CGST_Amount, SGST_Percent, SGST_Amount, IGST_Percent, IGST_Amount, Total_Amount) 
values (441, 191, 26, 1, 4000, 10, 0, 9, 0, 9, 0, 0, 0, 0);
insert into Order_details (Order_Detail_Id, Order_Id, Product_Id, Quantity, Rate, Discount_percent, Discount_Amount, CGST_Percent, CGST_Amount, SGST_Percent, SGST_Amount, IGST_Percent, IGST_Amount, Total_Amount) 
values (442, 192, 27, 1, 2200, 6, 0, 9, 0, 9, 0, 0, 0, 0);
insert into Order_details (Order_Detail_Id, Order_Id, Product_Id, Quantity, Rate, Discount_percent, Discount_Amount, CGST_Percent, CGST_Amount, SGST_Percent, SGST_Amount, IGST_Percent, IGST_Amount, Total_Amount) 
values (443, 193, 28, 1, 1150, 6, 0, 9, 0, 9, 0, 0, 0, 0); 
insert into Order_details (Order_Detail_Id, Order_Id, Product_Id, Quantity, Rate, Discount_percent, Discount_Amount, CGST_Percent, CGST_Amount, SGST_Percent, SGST_Amount, IGST_Percent, IGST_Amount, Total_Amount) 
values (444, 194, 29, 1, 6100, 6, 0, 9, 0, 9, 0, 0, 0, 0); 
insert into Order_details (Order_Detail_Id, Order_Id, Product_Id, Quantity, Rate, Discount_percent, Discount_Amount, CGST_Percent, CGST_Amount, SGST_Percent, SGST_Amount, IGST_Percent, IGST_Amount, Total_Amount) 
values (445, 195, 30, 1, 700, 4, 0, 9, 0, 9, 0, 0, 0, 0); 

insert into Order_details (Order_Detail_Id, Order_Id, Product_Id, Quantity, Rate, Discount_percent, Discount_Amount, CGST_Percent, CGST_Amount, SGST_Percent, SGST_Amount, IGST_Percent, IGST_Amount, Total_Amount) 
values (446, 196, 31, 1, 1400, 6, 0, 9, 0, 9, 0, 0, 0, 0);
insert into Order_details (Order_Detail_Id, Order_Id, Product_Id, Quantity, Rate, Discount_percent, Discount_Amount, CGST_Percent, CGST_Amount, SGST_Percent, SGST_Amount, IGST_Percent, IGST_Amount, Total_Amount) 
values (447, 197, 32, 1, 2000, 4, 0, 9, 0, 9, 0, 0, 0, 0);
insert into Order_details (Order_Detail_Id, Order_Id, Product_Id, Quantity, Rate, Discount_percent, Discount_Amount, CGST_Percent, CGST_Amount, SGST_Percent, SGST_Amount, IGST_Percent, IGST_Amount, Total_Amount) 
values (448, 198, 33, 1, 800, 8, 0, 9, 0, 9, 0, 0, 0, 0); 
insert into Order_details (Order_Detail_Id, Order_Id, Product_Id, Quantity, Rate, Discount_percent, Discount_Amount, CGST_Percent, CGST_Amount, SGST_Percent, SGST_Amount, IGST_Percent, IGST_Amount, Total_Amount) 
values (449, 199, 34, 1, 670, 4, 0, 9, 0, 9, 0, 0, 0, 0); 
insert into Order_details (Order_Detail_Id, Order_Id, Product_Id, Quantity, Rate, Discount_percent, Discount_Amount, CGST_Percent, CGST_Amount, SGST_Percent, SGST_Amount, IGST_Percent, IGST_Amount, Total_Amount) 
values (450, 200, 35, 1, 500, 3, 0, 9, 0, 9, 0, 0, 0, 0); 


update Orders a, Order_Details b 
set b.discount_percent = a.discount_percent,
b.Discount_amount = a.Discount_amount
where a.order_id = b.order_id;


update Order_Details
set discount_amount = (rate*quantity) * (discount_percent/100);

Update Orders a, Order_Details b
set b.cgst_percent = a.cgst_percent, b.Sgst_percent = a.cgst_percent
where a.order_id = b.order_id;

update Order_Details
set cgst_percent = 9, Sgst_percent = 9, IGST_Percent = 0, IGST_amount = 0;

Update Order_Details
Set cgst_amount = ((Rate * Quantity) - Discount_amount) * (CGST_Percent / 100),
Sgst_amount = ((Rate * Quantity) - Discount_amount) * (SGST_Percent / 100);

Update Order_Details
set total_amount = (rate * quantity) - discount_amount + CGST_amount + SGST_amount + IGST_Amount;


update orders a, order_details b 
Set a.total_amount = b.Total_amount
where a.order_id = b.order_id;




